Language,Average Score,Variance,Minimum Score,Maximum Score,Sum of Scores
de,2.977055414172355,7.131199093197786,0.421044260263443,33.120452880859375,3048.5047441124916
en,3.4392596247198526,7.307346299181663,0.41684070229530334,36.30401611328125,3521.801855713129
fr,3.995630935067311,14.46000977734485,0.5692389607429504,47.90181350708008,4091.5260775089264
hi,4.8062723894254304,23.072235803637817,0.5066767930984497,45.96253967285156,4921.622926771641
ja,3.9343098688405007,13.532414797974678,0.6737661361694336,39.27972412109375,4028.7333056926727
Multilingual,3.631017585285008,9.255490380674155,0.6042553782463074,33.57120895385742,3718.162007331848
ru,3.7559472594293766,11.545795209275504,0.6058723330497742,36.80538558959961,3846.0899936556816
