{
  "0-0": 0.41666666666666663,
  "0-1": 0.5166666666666666,
  "0-2": 0.5666666666666667,
  "0-3": 0.4666666666666667,
  "0-4": 0.5666666666666667,
  "0-5": 0.4666666666666667,
  "0-6": 0.3666666666666667,
  "0-7": 0.4666666666666667,
  "0-8": 0.44999999999999996,
  "0-9": 0.5833333333333333,
  "0-10": 0.5166666666666666,
  "0-11": 0.43333333333333335,
  "0-12": 0.4666666666666667,
  "0-13": 0.5166666666666666,
  "0-14": 0.3666666666666667,
  "0-15": 0.44999999999999996,
  "0-16": 0.44999999999999996,
  "0-17": 0.44999999999999996,
  "0-18": 0.6666666666666667,
  "0-19": 0.5166666666666666,
  "0-20": 0.44999999999999996,
  "0-21": 0.4666666666666667,
  "0-22": 0.4833333333333333,
  "0-23": 0.44999999999999996,
  "1-0": 0.5166666666666666,
  "1-1": 0.4833333333333333,
  "1-2": 0.4,
  "1-3": 0.4833333333333333,
  "1-4": 0.55,
  "1-5": 0.5,
  "1-6": 0.4666666666666667,
  "1-7": 0.41666666666666663,
  "1-8": 0.4,
  "1-9": 0.44999999999999996,
  "1-10": 0.5666666666666667,
  "1-11": 0.43333333333333335,
  "1-12": 0.4833333333333333,
  "1-13": 0.4833333333333333,
  "1-14": 0.6,
  "1-15": 0.5166666666666666,
  "1-16": 0.4833333333333333,
  "1-17": 0.5666666666666667,
  "1-18": 0.4833333333333333,
  "1-19": 0.5166666666666666,
  "1-20": 0.43333333333333335,
  "1-21": 0.41666666666666663,
  "1-22": 0.5,
  "1-23": 0.4833333333333333,
  "2-0": 0.4,
  "2-1": 0.5,
  "2-2": 0.5833333333333333,
  "2-3": 0.44999999999999996,
  "2-4": 0.4,
  "2-5": 0.4,
  "2-6": 0.44999999999999996,
  "2-7": 0.4666666666666667,
  "2-8": 0.4666666666666667,
  "2-9": 0.4666666666666667,
  "2-10": 0.44999999999999996,
  "2-11": 0.4833333333333333,
  "2-12": 0.4833333333333333,
  "2-13": 0.5,
  "2-14": 0.4833333333333333,
  "2-15": 0.5666666666666667,
  "2-16": 0.5166666666666666,
  "2-17": 0.41666666666666663,
  "2-18": 0.5166666666666666,
  "2-19": 0.5833333333333333,
  "2-20": 0.5666666666666667,
  "2-21": 0.55,
  "2-22": 0.6,
  "2-23": 0.4833333333333333,
  "3-0": 0.4666666666666667,
  "3-1": 0.43333333333333335,
  "3-2": 0.5666666666666667,
  "3-3": 0.55,
  "3-4": 0.4666666666666667,
  "3-5": 0.44999999999999996,
  "3-6": 0.4833333333333333,
  "3-7": 0.4666666666666667,
  "3-8": 0.55,
  "3-9": 0.4833333333333333,
  "3-10": 0.41666666666666663,
  "3-11": 0.4666666666666667,
  "3-12": 0.5333333333333333,
  "3-13": 0.5833333333333333,
  "3-14": 0.5333333333333333,
  "3-15": 0.4833333333333333,
  "3-16": 0.4,
  "3-17": 0.5833333333333333,
  "3-18": 0.5,
  "3-19": 0.4833333333333333,
  "3-20": 0.4,
  "3-21": 0.5,
  "3-22": 0.4833333333333333,
  "3-23": 0.3833333333333333,
  "4-0": 0.4833333333333333,
  "4-1": 0.43333333333333335,
  "4-2": 0.4833333333333333,
  "4-3": 0.55,
  "4-4": 0.4,
  "4-5": 0.65,
  "4-6": 0.35,
  "4-7": 0.4833333333333333,
  "4-8": 0.5333333333333333,
  "4-9": 0.41666666666666663,
  "4-10": 0.5166666666666666,
  "4-11": 0.4666666666666667,
  "4-12": 0.5166666666666666,
  "4-13": 0.55,
  "4-14": 0.44999999999999996,
  "4-15": 0.4666666666666667,
  "4-16": 0.43333333333333335,
  "4-17": 0.44999999999999996,
  "4-18": 0.5333333333333333,
  "4-19": 0.5,
  "4-20": 0.4833333333333333,
  "4-21": 0.3833333333333333,
  "4-22": 0.5166666666666666,
  "4-23": 0.41666666666666663,
  "5-0": 0.4666666666666667,
  "5-1": 0.6666666666666667,
  "5-2": 0.5333333333333333,
  "5-3": 0.55,
  "5-4": 0.5333333333333333,
  "5-5": 0.3666666666666667,
  "5-6": 0.4,
  "5-7": 0.6,
  "5-8": 0.4833333333333333,
  "5-9": 0.5,
  "5-10": 0.43333333333333335,
  "5-11": 0.43333333333333335,
  "5-12": 0.4833333333333333,
  "5-13": 0.5166666666666666,
  "5-14": 0.5333333333333333,
  "5-15": 0.4666666666666667,
  "5-16": 0.55,
  "5-17": 0.5333333333333333,
  "5-18": 0.5166666666666666,
  "5-19": 0.55,
  "5-20": 0.3666666666666667,
  "5-21": 0.5166666666666666,
  "5-22": 0.44999999999999996,
  "5-23": 0.55,
  "6-0": 0.5666666666666667,
  "6-1": 0.4666666666666667,
  "6-2": 0.4833333333333333,
  "6-3": 0.5333333333333333,
  "6-4": 0.41666666666666663,
  "6-5": 0.4666666666666667,
  "6-6": 0.5333333333333333,
  "6-7": 0.5333333333333333,
  "6-8": 0.44999999999999996,
  "6-9": 0.4666666666666667,
  "6-10": 0.4666666666666667,
  "6-11": 0.4833333333333333,
  "6-12": 0.44999999999999996,
  "6-13": 0.43333333333333335,
  "6-14": 0.4833333333333333,
  "6-15": 0.4833333333333333,
  "6-16": 0.5666666666666667,
  "6-17": 0.43333333333333335,
  "6-18": 0.3833333333333333,
  "6-19": 0.43333333333333335,
  "6-20": 0.5,
  "6-21": 0.4,
  "6-22": 0.5166666666666666,
  "6-23": 0.4833333333333333,
  "7-0": 0.5,
  "7-1": 0.5166666666666666,
  "7-2": 0.44999999999999996,
  "7-3": 0.3833333333333333,
  "7-4": 0.41666666666666663,
  "7-5": 0.5166666666666666,
  "7-6": 0.43333333333333335,
  "7-7": 0.6166666666666667,
  "7-8": 0.5,
  "7-9": 0.55,
  "7-10": 0.4666666666666667,
  "7-11": 0.5333333333333333,
  "7-12": 0.5166666666666666,
  "7-13": 0.5166666666666666,
  "7-14": 0.5666666666666667,
  "7-15": 0.4666666666666667,
  "7-16": 0.5333333333333333,
  "7-17": 0.5166666666666666,
  "7-18": 0.43333333333333335,
  "7-19": 0.43333333333333335,
  "7-20": 0.4666666666666667,
  "7-21": 0.4833333333333333,
  "7-22": 0.5666666666666667,
  "7-23": 0.4666666666666667,
  "8-0": 0.5,
  "8-1": 0.5166666666666666,
  "8-2": 0.44999999999999996,
  "8-3": 0.4833333333333333,
  "8-4": 0.5666666666666667,
  "8-5": 0.55,
  "8-6": 0.43333333333333335,
  "8-7": 0.5333333333333333,
  "8-8": 0.5,
  "8-9": 0.4666666666666667,
  "8-10": 0.44999999999999996,
  "8-11": 0.4833333333333333,
  "8-12": 0.5833333333333333,
  "8-13": 0.43333333333333335,
  "8-14": 0.5833333333333333,
  "8-15": 0.4666666666666667,
  "8-16": 0.5,
  "8-17": 0.5166666666666666,
  "8-18": 0.5,
  "8-19": 0.3833333333333333,
  "8-20": 0.4833333333333333,
  "8-21": 0.44999999999999996,
  "8-22": 0.5666666666666667,
  "8-23": 0.6333333333333333,
  "9-0": 0.43333333333333335,
  "9-1": 0.5666666666666667,
  "9-2": 0.4833333333333333,
  "9-3": 0.6333333333333333,
  "9-4": 0.3666666666666667,
  "9-5": 0.5,
  "9-6": 0.4833333333333333,
  "9-7": 0.6166666666666667,
  "9-8": 0.5166666666666666,
  "9-9": 0.3833333333333333,
  "9-10": 0.4,
  "9-11": 0.5,
  "9-12": 0.6166666666666667,
  "9-13": 0.4666666666666667,
  "9-14": 0.41666666666666663,
  "9-15": 0.44999999999999996,
  "9-16": 0.4666666666666667,
  "9-17": 0.4666666666666667,
  "9-18": 0.5,
  "9-19": 0.5166666666666666,
  "9-20": 0.5833333333333333,
  "9-21": 0.5333333333333333,
  "9-22": 0.43333333333333335,
  "9-23": 0.4666666666666667,
  "10-0": 0.4666666666666667,
  "10-1": 0.5833333333333333,
  "10-2": 0.33333333333333337,
  "10-3": 0.5166666666666666,
  "10-4": 0.5833333333333333,
  "10-5": 0.41666666666666663,
  "10-6": 0.4,
  "10-7": 0.55,
  "10-8": 0.4,
  "10-9": 0.5666666666666667,
  "10-10": 0.5666666666666667,
  "10-11": 0.4666666666666667,
  "10-12": 0.5833333333333333,
  "10-13": 0.4,
  "10-14": 0.5333333333333333,
  "10-15": 0.4833333333333333,
  "10-16": 0.5333333333333333,
  "10-17": 0.5166666666666666,
  "10-18": 0.3666666666666667,
  "10-19": 0.5666666666666667,
  "10-20": 0.5666666666666667,
  "10-21": 0.5333333333333333,
  "10-22": 0.4833333333333333,
  "10-23": 0.5333333333333333,
  "11-0": 0.5166666666666666,
  "11-1": 0.5,
  "11-2": 0.4666666666666667,
  "11-3": 0.5666666666666667,
  "11-4": 0.5166666666666666,
  "11-5": 0.5166666666666666,
  "11-6": 0.55,
  "11-7": 0.4666666666666667,
  "11-8": 0.4833333333333333,
  "11-9": 0.4833333333333333,
  "11-10": 0.4666666666666667,
  "11-11": 0.43333333333333335,
  "11-12": 0.4833333333333333,
  "11-13": 0.4833333333333333,
  "11-14": 0.4833333333333333,
  "11-15": 0.6333333333333333,
  "11-16": 0.6,
  "11-17": 0.5833333333333333,
  "11-18": 0.43333333333333335,
  "11-19": 0.5166666666666666,
  "11-20": 0.4666666666666667,
  "11-21": 0.4666666666666667,
  "11-22": 0.5,
  "11-23": 0.4,
  "12-0": 0.3666666666666667,
  "12-1": 0.5,
  "12-2": 0.65,
  "12-3": 0.5333333333333333,
  "12-4": 0.4833333333333333,
  "12-5": 0.5666666666666667,
  "12-6": 0.5666666666666667,