{
  "0-0": 0.6933333333333334,
  "0-1": 0.7166666666666667,
  "0-2": 0.6983333333333333,
  "0-3": 0.7616666666666667,
  "0-4": 0.6916666666666667,
  "0-5": 0.7150000000000001,
  "0-6": 0.6916666666666667,
  "0-7": 0.6783333333333333,
  "0-8": 0.6933333333333334,
  "0-9": 0.7333333333333334,
  "0-10": 0.7150000000000001,
  "0-11": 0.71,
  "0-12": 0.7083333333333333,
  "0-13": 0.7133333333333334,
  "0-14": 0.7066666666666667,
  "0-15": 0.7050000000000001,
  "0-16": 0.6950000000000001,
  "0-17": 0.7233333333333334,
  "0-18": 0.7283333333333333,
  "0-19": 0.6950000000000001,
  "0-20": 0.7050000000000001,
  "0-21": 0.7016666666666667,
  "0-22": 0.7233333333333334,
  "0-23": 0.7216666666666667,
  "0-24": 0.72,
  "0-25": 0.7150000000000001,
  "0-26": 0.6983333333333333,
  "0-27": 0.7183333333333333,
  "0-28": 0.6950000000000001,
  "0-29": 0.6766666666666667,
  "0-30": 0.6983333333333333,
  "0-31": 0.7266666666666667,
  "1-0": 0.7116666666666667,
  "1-1": 0.6883333333333334,
  "1-2": 0.7366666666666667,
  "1-3": 0.6866666666666666,
  "1-4": 0.7133333333333334,
  "1-5": 0.7150000000000001,
  "1-6": 0.6783333333333333,
  "1-7": 0.7083333333333333,
  "1-8": 0.6883333333333334,
  "1-9": 0.7316666666666667,
  "1-10": 0.71,
  "1-11": 0.6983333333333333,
  "1-12": 0.7050000000000001,
  "1-13": 0.6950000000000001,
  "1-14": 0.7066666666666667,
  "1-15": 0.6966666666666667,
  "1-16": 0.7133333333333334,
  "1-17": 0.7,
  "1-18": 0.7333333333333334,
  "1-19": 0.7066666666666667,
  "1-20": 0.7050000000000001,
  "1-21": 0.7233333333333334,
  "1-22": 0.7583333333333333,
  "1-23": 0.6866666666666666,
  "1-24": 0.6916666666666667,
  "1-25": 0.7033333333333334,
  "1-26": 0.755,
  "1-27": 0.7,
  "1-28": 0.7016666666666667,
  "1-29": 0.7050000000000001,
  "1-30": 0.7183333333333333,
  "1-31": 0.7433333333333334,
  "2-0": 0.71,
  "2-1": 0.71,
  "2-2": 0.7150000000000001,
  "2-3": 0.7266666666666667,
  "2-4": 0.7566666666666666,
  "2-5": 0.7150000000000001,
  "2-6": 0.7116666666666667,
  "2-7": 0.7066666666666667,
  "2-8": 0.72,
  "2-9": 0.7133333333333334,
  "2-10": 0.7,
  "2-11": 0.72,
  "2-12": 0.7333333333333334,
  "2-13": 0.71,
  "2-14": 0.7116666666666667,
  "2-15": 0.7116666666666667,
  "2-16": 0.6933333333333334,
  "2-17": 0.7316666666666667,
  "2-18": 0.6950000000000001,
  "2-19": 0.7083333333333333,
  "2-20": 0.6733333333333333,
  "2-21": 0.7133333333333334,
  "2-22": 0.7083333333333333,
  "2-23": 0.7116666666666667,
  "2-24": 0.7150000000000001,
  "2-25": 0.73,
  "2-26": 0.7116666666666667,
  "2-27": 0.7233333333333334,
  "2-28": 0.7183333333333333,
  "2-29": 0.7083333333333333,
  "2-30": 0.7183333333333333,
  "2-31": 0.7383333333333333
}