{
  "0-0": 0.6666666666666667,
  "0-1": 0.6283333333333334,
  "0-2": 0.6716666666666666,
  "0-3": 0.6916666666666667,
  "0-4": 0.6716666666666666,
  "0-5": 0.69,
  "0-6": 0.73,
  "0-7": 0.6383333333333333,
  "0-8": 0.6966666666666667,
  "0-9": 0.6716666666666666,
  "0-10": 0.6716666666666666,
  "0-11": 0.6983333333333333,
  "0-12": 0.6833333333333333,
  "0-13": 0.6733333333333333,
  "0-14": 0.6566666666666667,
  "0-15": 0.6599999999999999,
  "0-16": 0.6733333333333333,
  "0-17": 0.6983333333333333,
  "0-18": 0.6616666666666666,
  "0-19": 0.6633333333333333,
  "0-20": 0.665,
  "0-21": 0.6933333333333334,
  "0-22": 0.685,
  "0-23": 0.6716666666666666,
  "0-24": 0.735,
  "0-25": 0.665,
  "0-26": 0.6683333333333333,
  "0-27": 0.71,
  "0-28": 0.6916666666666667,
  "0-29": 0.6683333333333333,
  "0-30": 0.6883333333333334,
  "0-31": 0.7183333333333333,
  "1-0": 0.6883333333333334,
  "1-1": 0.675,
  "1-2": 0.6783333333333333,
  "1-3": 0.655,
  "1-4": 0.6683333333333333,
  "1-5": 0.665,
  "1-6": 0.7033333333333334,
  "1-7": 0.665,
  "1-8": 0.6883333333333334,
  "1-9": 0.6766666666666667,
  "1-10": 0.69,
  "1-11": 0.6599999999999999,
  "1-12": 0.6683333333333333,
  "1-13": 0.6799999999999999,
  "1-14": 0.675,
  "1-15": 0.6766666666666667,
  "1-16": 0.6633333333333333,
  "1-17": 0.6616666666666666,
  "1-18": 0.7066666666666667,
  "1-19": 0.6583333333333333,
  "1-20": 0.6933333333333334,
  "1-21": 0.655,
  "1-22": 0.6666666666666667,
  "1-23": 0.685,
  "1-24": 0.6866666666666666,
  "1-25": 0.675,
  "1-26": 0.6816666666666666,
  "1-27": 0.6933333333333334,
  "1-28": 0.6916666666666667,
  "1-29": 0.6966666666666667,
  "1-30": 0.6933333333333334,
  "1-31": 0.6516666666666666,
  "2-0": 0.665,
  "2-1": 0.6666666666666667,
  "2-2": 0.6966666666666667,
  "2-3": 0.6916666666666667,
  "2-4": 0.6799999999999999,
  "2-5": 0.69,
  "2-6": 0.6799999999999999,
  "2-7": 0.685,
  "2-8": 0.675,
  "2-9": 0.69,
  "2-10": 0.6683333333333333,
  "2-11": 0.6533333333333333,
  "2-12": 0.6783333333333333,
  "2-13": 0.7016666666666667,
  "2-14": 0.6699999999999999,
  "2-15": 0.6566666666666667,
  "2-16": 0.6833333333333333,
  "2-17": 0.6316666666666666,
  "2-18": 0.6983333333333333,
  "2-19": 0.6683333333333333,
  "2-20": 0.6783333333333333,
  "2-21": 0.6683333333333333,
  "2-22": 0.6666666666666667,
  "2-23": 0.6633333333333333,
  "2-24": 0.6599999999999999,
  "2-25": 0.6783333333333333,
  "2-26": 0.6833333333333333,
  "2-27": 0.6666666666666667,
  "2-28": 0.6783333333333333,
  "2-29": 0.685,
  "2-30": 0.685,
  "2-31": 0.6616666666666666
}