{
  "0-0": 0.25,
  "0-1": 0.22999999999999998,
  "0-2": 0.2583333333333333,
  "0-3": 0.235,
  "0-4": 0.23333333333333328,
  "0-5": 0.255,
  "0-6": 0.31666666666666665,
  "0-7": 0.2483333333333333,
  "0-8": 0.26,
  "0-9": 0.2433333333333333,
  "0-10": 0.2483333333333333,
  "0-11": 0.2483333333333333,
  "0-12": 0.2633333333333333,
  "0-13": 0.2416666666666667,
  "0-14": 0.265,
  "0-15": 0.2533333333333333,
  "0-16": 0.265,
  "0-17": 0.21999999999999997,
  "0-18": 0.25,
  "0-19": 0.2316666666666667,
  "0-20": 0.2566666666666667,
  "0-21": 0.2483333333333333,
  "0-22": 0.235,
  "0-23": 0.255,
  "0-24": 0.23833333333333329,
  "0-25": 0.2583333333333333,
  "0-26": 0.24,
  "0-27": 0.22499999999999998,
  "0-28": 0.2533333333333333,
  "0-29": 0.29833333333333334,
  "0-30": 0.255,
  "0-31": 0.23333333333333328,
  "1-0": 0.2466666666666667,
  "1-1": 0.245,
  "1-2": 0.2533333333333333,
  "1-3": 0.25,
  "1-4": 0.21999999999999997,
  "1-5": 0.245,
  "1-6": 0.2433333333333333,
  "1-7": 0.2533333333333333,
  "1-8": 0.2483333333333333,
  "1-9": 0.2533333333333333,
  "1-10": 0.255,
  "1-11": 0.24,
  "1-12": 0.24,
  "1-13": 0.22333333333333338,
  "1-14": 0.24,
  "1-15": 0.2483333333333333,
  "1-16": 0.2566666666666667,
  "1-17": 0.21333333333333337,
  "1-18": 0.23833333333333329,
  "1-19": 0.2416666666666667,
  "1-20": 0.22499999999999998,
  "1-21": 0.25,
  "1-22": 0.22999999999999998,
  "1-23": 0.2633333333333333,
  "1-24": 0.2433333333333333,
  "1-25": 0.235,
  "1-26": 0.2433333333333333,
  "1-27": 0.245,
  "1-28": 0.2633333333333333,
  "1-29": 0.245,
  "1-30": 0.2416666666666667,
  "1-31": 0.235,
  "2-0": 0.24,
  "2-1": 0.27,
  "2-2": 0.24,
  "2-3": 0.2283333333333334,
  "2-4": 0.2366666666666667,
  "2-5": 0.2366666666666667,
  "2-6": 0.23833333333333329,
  "2-7": 0.2483333333333333,
  "2-8": 0.2533333333333333,
  "2-9": 0.235,
  "2-10": 0.235,
  "2-11": 0.2416666666666667,
  "2-12": 0.2466666666666667,
  "2-13": 0.25,
  "2-14": 0.255,
  "2-15": 0.21999999999999997,
  "2-16": 0.23333333333333328,
  "2-17": 0.2283333333333334,
  "2-18": 0.2516666666666667,
  "2-19": 0.22166666666666668,
  "2-20": 0.2416666666666667,
  "2-21": 0.24,
  "2-22": 0.2516666666666667,
  "2-23": 0.2533333333333333,
  "2-24": 0.245,
  "2-25": 0.23833333333333329,
  "2-26": 0.2416666666666667,
  "2-27": 0.23333333333333328,
  "2-28": 0.2533333333333333,
  "2-29": 0.2566666666666667,
  "2-30": 0.2416666666666667,
  "2-31": 0.2516666666666667
}